{
  "drive": {
    "p": 0.0022845,
    "i": 0.0000005,
    "d": 0.0000005,
    "f": 0,
    "iz": 0
  },
  "angle": {
    "p": 0.0022500,
    "i": 0.0000010,
    "d": 0.0000010,
    "f": 0,
    "iz": 0
  }
}